{
    "accuracy": 0.9810246679316889,
    "macro_precision": 0.9784721709138289,
    "macro_recall": 0.9726413405248474,
    "macro_f1": 0.9750873258230063,
    "mean_auc": 0.9998034243460786,
    "class_metrics": {
        "Flower_shape": {
            "precision": 0.9876543209876543,
            "recall": 0.9523809523809523,
            "f1": 0.9696969696969697,
            "auc": 0.9997043964312586
        },
        "Lifting_beam": {
            "precision": 1.0,
            "recall": 0.9885057471264368,
            "f1": 0.9942196531791907,
            "auc": 1.0
        },
        "Patterned": {
            "precision": 0.9655172413793104,
            "recall": 0.9032258064516129,
            "f1": 0.9333333333333333,
            "auc": 0.9993496357960457
        },
        "Round": {
            "precision": 0.9917355371900827,
            "recall": 0.9917355371900827,
            "f1": 0.9917355371900827,
            "auc": 0.9998550094243874
        },
        "Square": {
            "precision": 0.9259259259259259,
            "recall": 1.0,
            "f1": 0.9615384615384616,
            "auc": 0.9999115044247788
        },
        "background": {
            "precision": 1.0,
            "recall": 1.0,
            "f1": 1.0,
            "auc": 1.0
        }
    }
}